seed,model,fold,auroc,accuracy,f1_weighted,brier
42,logistic_regression,0,0.9118,0.9032,0.9028,0.137
42,logistic_regression,1,0.979,0.9677,0.9678,0.1109
42,logistic_regression,2,0.8655,0.871,0.8696,0.1502
42,logistic_regression,3,0.905,0.8,0.7972,0.1404
42,logistic_regression,4,0.9643,0.8667,0.8667,0.1226
42,logistic_regression,5,0.8482,0.7667,0.7627,0.162
42,logistic_regression,6,0.9732,0.9,0.8997,0.116
42,logistic_regression,7,0.8125,0.7333,0.7333,0.1694
42,logistic_regression,8,0.9554,0.9,0.8983,0.1111
42,logistic_regression,9,0.8527,0.8,0.7982,0.1585
0,logistic_regression,0,0.8697,0.7742,0.7641,0.1648
0,logistic_regression,1,0.9118,0.8387,0.8387,0.1158
0,logistic_regression,2,0.9034,0.7742,0.7641,0.1472
0,logistic_regression,3,0.8824,0.8667,0.8648,0.1543
0,logistic_regression,4,0.9107,0.8333,0.8305,0.1369
0,logistic_regression,5,0.9107,0.8667,0.8655,0.1385
0,logistic_regression,6,0.9554,0.8667,0.8667,0.1264
0,logistic_regression,7,0.9107,0.8333,0.8328,0.1371
0,logistic_regression,8,0.8884,0.8333,0.8305,0.1499
0,logistic_regression,9,0.942,0.8667,0.8655,0.1132
1,logistic_regression,0,0.9874,0.9355,0.9355,0.1066
1,logistic_regression,1,0.9202,0.7742,0.7742,0.1357
1,logistic_regression,2,0.9034,0.8387,0.838,0.1411
1,logistic_regression,3,0.7692,0.7333,0.7345,0.2021
1,logistic_regression,4,0.9062,0.8333,0.8305,0.1429
1,logistic_regression,5,1.0,0.9333,0.9327,0.0938
1,logistic_regression,6,0.8571,0.8,0.7944,0.1628
1,logistic_regression,7,0.8795,0.7667,0.7627,0.1582
1,logistic_regression,8,0.8214,0.8667,0.8655,0.1375
1,logistic_regression,9,0.942,0.8,0.7944,0.1264
7,logistic_regression,0,0.9958,0.9677,0.9678,0.0518
7,logistic_regression,1,0.9454,0.8387,0.839,0.1024
7,logistic_regression,2,0.8319,0.8387,0.839,0.1577
7,logistic_regression,3,0.8507,0.8333,0.8324,0.1682
7,logistic_regression,4,0.933,0.8,0.7982,0.1235
7,logistic_regression,5,0.9464,0.8,0.7885,0.129
7,logistic_regression,6,0.9554,0.9333,0.9333,0.0891
7,logistic_regression,7,0.933,0.8667,0.8667,0.1198
7,logistic_regression,8,0.7902,0.7,0.6949,0.1812
7,logistic_regression,9,0.8929,0.8,0.8,0.1349
42,svm,0,0.9118,0.9032,0.9028,0.1206
42,svm,1,0.9706,0.9355,0.9355,0.0717
42,svm,2,0.8613,0.8387,0.8356,0.1294
42,svm,3,0.9005,0.8,0.7972,0.1391
42,svm,4,0.9643,0.9,0.8983,0.0903
42,svm,5,0.8527,0.7667,0.7571,0.1569
42,svm,6,0.9688,0.8667,0.863,0.0856
42,svm,7,0.817,0.7667,0.7659,0.2013
42,svm,8,0.9554,0.9,0.8983,0.0967
42,svm,9,0.8259,0.8,0.7982,0.1611
0,svm,0,0.8824,0.7742,0.7641,0.1416
0,svm,1,0.9034,0.8387,0.8387,0.1196
0,svm,2,0.9076,0.7742,0.7641,0.1274
0,svm,3,0.8824,0.8667,0.8616,0.1445
0,svm,4,0.9107,0.8333,0.8305,0.1198
0,svm,5,0.9107,0.8333,0.8305,0.125
0,svm,6,0.9554,0.8667,0.8667,0.108
0,svm,7,0.9107,0.8667,0.8655,0.1237
0,svm,8,0.8839,0.8667,0.863,0.1238
0,svm,9,0.942,0.8667,0.8655,0.1019
1,svm,0,0.9874,0.9355,0.9348,0.0669
1,svm,1,0.958,0.871,0.871,0.1171
1,svm,2,0.916,0.8387,0.8356,0.1154
1,svm,3,0.7647,0.7,0.6983,0.2165
1,svm,4,0.9107,0.8333,0.8305,0.1221
1,svm,5,1.0,0.9,0.8983,0.054
1,svm,6,0.8571,0.8,0.7885,0.1524
1,svm,7,0.8839,0.7667,0.7627,0.1523
1,svm,8,0.8393,0.8667,0.8655,0.1328
1,svm,9,0.9509,0.8667,0.8667,0.0933
7,svm,0,0.9874,0.871,0.867,0.0621
7,svm,1,0.9202,0.871,0.8696,0.1151
7,svm,2,0.8277,0.8065,0.8065,0.1511
7,svm,3,0.8281,0.8333,0.8324,0.1645
7,svm,4,0.9062,0.8,0.7982,0.127
7,svm,5,0.9018,0.8,0.7885,0.1288
7,svm,6,0.9643,0.9,0.8997,0.0761
7,svm,7,0.9375,0.8,0.7982,0.1024
7,svm,8,0.808,0.7,0.6949,0.2044
7,svm,9,0.8661,0.8,0.8,0.1342
42,random_forest,0,0.9202,0.8387,0.839,0.1176
42,random_forest,1,0.9706,0.9355,0.9348,0.0846
42,random_forest,2,0.8908,0.8065,0.8065,0.1334
42,random_forest,3,0.8778,0.8333,0.8324,0.1445
42,random_forest,4,0.942,0.8,0.8,0.1137
42,random_forest,5,0.8304,0.7667,0.7627,0.1637
42,random_forest,6,0.933,0.8667,0.863,0.1038
42,random_forest,7,0.8795,0.7667,0.7659,0.147
42,random_forest,8,0.9464,0.9,0.8983,0.0971
42,random_forest,9,0.8795,0.8,0.7982,0.1486
0,random_forest,0,0.916,0.7419,0.7261,0.1466
0,random_forest,1,0.9118,0.871,0.8712,0.1115
0,random_forest,2,0.9076,0.7742,0.7698,0.1297
0,random_forest,3,0.8801,0.8,0.8009,0.1527
0,random_forest,4,0.9107,0.8667,0.8655,0.1192
0,random_forest,5,0.8549,0.7667,0.7659,0.15
0,random_forest,6,0.9375,0.8667,0.8667,0.1242
0,random_forest,7,0.9196,0.8333,0.8305,0.1297
0,random_forest,8,0.9018,0.8333,0.8305,0.1256
0,random_forest,9,0.9286,0.8667,0.8655,0.0931
1,random_forest,0,0.9748,0.9032,0.9034,0.0892
1,random_forest,1,0.937,0.8387,0.837,0.1277
1,random_forest,2,0.8676,0.8387,0.8356,0.1417
1,random_forest,3,0.8054,0.7667,0.7653,0.1785
1,random_forest,4,0.9286,0.8333,0.8305,0.1096
1,random_forest,5,0.9777,0.9,0.8983,0.0721
1,random_forest,6,0.8973,0.8,0.7944,0.1419
1,random_forest,7,0.8304,0.7333,0.7309,0.1724
1,random_forest,8,0.8795,0.8333,0.8328,0.1293
1,random_forest,9,0.9286,0.8667,0.8667,0.1073
7,random_forest,0,0.9916,0.9677,0.9676,0.0764
7,random_forest,1,0.9412,0.8387,0.839,0.1078
7,random_forest,2,0.8277,0.8065,0.8044,0.1618
7,random_forest,3,0.8597,0.8333,0.8292,0.1443
7,random_forest,4,0.9286,0.8,0.7982,0.1174
7,random_forest,5,0.8973,0.8,0.7885,0.1271
7,random_forest,6,0.9688,0.9,0.9001,0.0982
7,random_forest,7,0.9598,0.9,0.9001,0.0928
7,random_forest,8,0.8125,0.6667,0.6637,0.1782
7,random_forest,9,0.8705,0.8667,0.8655,0.1392
42,mlp,0,0.9202,0.871,0.871,0.1203
42,mlp,1,0.979,0.9032,0.9034,0.0686
42,mlp,2,0.8824,0.8387,0.838,0.1323
42,mlp,3,0.914,0.8333,0.8324,0.1323
42,mlp,4,0.933,0.8667,0.8667,0.0953
42,mlp,5,0.8482,0.7333,0.7333,0.1556
42,mlp,6,0.9598,0.9,0.8997,0.0868
42,mlp,7,0.8125,0.7333,0.7333,0.2179
42,mlp,8,0.9196,0.8667,0.863,0.1038
42,mlp,9,0.875,0.7,0.6877,0.1651
0,mlp,0,0.8908,0.8065,0.8005,0.1458
0,mlp,1,0.8824,0.8065,0.8069,0.1434
0,mlp,2,0.8613,0.8065,0.8044,0.1494
0,mlp,3,0.8824,0.7667,0.7675,0.1371
0,mlp,4,0.8616,0.8333,0.8328,0.1385
0,mlp,5,0.8973,0.8,0.8,0.1272
0,mlp,6,0.942,0.8333,0.8328,0.1118
0,mlp,7,0.8839,0.8333,0.8335,0.1447
0,mlp,8,0.9375,0.9333,0.9327,0.0919
0,mlp,9,0.933,0.8667,0.8655,0.1146
1,mlp,0,0.958,0.8065,0.8069,0.0912
1,mlp,1,0.9286,0.8065,0.8056,0.1647
1,mlp,2,0.8908,0.8387,0.839,0.1362
1,mlp,3,0.7602,0.7,0.701,0.2024
1,mlp,4,0.8393,0.7333,0.7309,0.1662
1,mlp,5,1.0,0.9667,0.9666,0.0334
1,mlp,6,0.9107,0.7667,0.7627,0.1321
1,mlp,7,0.8839,0.8,0.7982,0.1576
1,mlp,8,0.7857,0.8333,0.8328,0.1607
1,mlp,9,0.8839,0.7667,0.7627,0.1535
7,mlp,0,0.9496,0.871,0.871,0.1137
7,mlp,1,0.916,0.871,0.8696,0.1129
7,mlp,2,0.8277,0.8387,0.839,0.1523
7,mlp,3,0.8959,0.8,0.7972,0.1369
7,mlp,4,0.9286,0.7667,0.7659,0.11
7,mlp,5,0.8527,0.8,0.7944,0.1499
7,mlp,6,0.9509,0.9,0.8997,0.0753
7,mlp,7,0.933,0.9,0.9001,0.0902
7,mlp,8,0.7991,0.7333,0.7259,0.1843
7,mlp,9,0.9509,0.8333,0.8328,0.1015
42,xgboost,0,0.9202,0.8065,0.8069,0.1193
42,xgboost,1,0.9559,0.9032,0.9013,0.1265
42,xgboost,2,0.8824,0.8065,0.8069,0.1387
42,xgboost,3,0.8959,0.8,0.8,0.1412
42,xgboost,4,0.933,0.7667,0.7669,0.1288
42,xgboost,5,0.8348,0.8,0.7944,0.1583
42,xgboost,6,0.933,0.8667,0.863,0.1043
42,xgboost,7,0.8705,0.7667,0.7659,0.1466
42,xgboost,8,0.933,0.9,0.8983,0.1292
42,xgboost,9,0.817,0.7,0.6949,0.187
0,xgboost,0,0.895,0.7419,0.734,0.1534
0,xgboost,1,0.9412,0.8387,0.8387,0.1045
0,xgboost,2,0.9076,0.7742,0.7732,0.1291
0,xgboost,3,0.9005,0.8667,0.8667,0.1312
0,xgboost,4,0.9018,0.8667,0.8655,0.1194
0,xgboost,5,0.8616,0.8,0.8,0.155
0,xgboost,6,0.8527,0.8,0.8,0.1677
0,xgboost,7,0.8929,0.8333,0.8305,0.1348
0,xgboost,8,0.9062,0.8667,0.863,0.1196
0,xgboost,9,0.9286,0.8667,0.8655,0.0913
1,xgboost,0,0.9496,0.871,0.871,0.0818
1,xgboost,1,0.937,0.8065,0.8065,0.1375
1,xgboost,2,0.8866,0.871,0.8696,0.1165
1,xgboost,3,0.819,0.7667,0.7675,0.1807
1,xgboost,4,0.933,0.7667,0.7659,0.1117
1,xgboost,5,0.9375,0.9333,0.9327,0.0777
1,xgboost,6,0.8839,0.8333,0.8305,0.1415
1,xgboost,7,0.808,0.7,0.699,0.2047
1,xgboost,8,0.8705,0.8333,0.8328,0.1347
1,xgboost,9,0.9241,0.8333,0.8328,0.1142
7,xgboost,0,0.9706,0.9677,0.9676,0.0652
7,xgboost,1,0.958,0.9032,0.9034,0.1
7,xgboost,2,0.8151,0.8387,0.838,0.1714
7,xgboost,3,0.8643,0.8,0.7972,0.1566
7,xgboost,4,0.9107,0.8,0.7982,0.1295
7,xgboost,5,0.9062,0.8333,0.8265,0.1229
7,xgboost,6,0.9018,0.8333,0.8335,0.1226
7,xgboost,7,0.933,0.8667,0.8667,0.0985
7,xgboost,8,0.8304,0.7,0.699,0.1984
7,xgboost,9,0.8616,0.8667,0.8655,0.1433
42,catboost,0,0.9538,0.9032,0.9028,0.1054
42,catboost,1,0.979,0.9355,0.9355,0.1055
42,catboost,2,0.8992,0.8065,0.8065,0.1298
42,catboost,3,0.8959,0.8667,0.8667,0.1362
42,catboost,4,0.9107,0.7667,0.7669,0.1403
42,catboost,5,0.8527,0.8,0.7944,0.1626
42,catboost,6,0.9286,0.8667,0.863,0.1125
42,catboost,7,0.8795,0.7333,0.7333,0.1482
42,catboost,8,0.9286,0.9,0.8983,0.0964
42,catboost,9,0.8705,0.7667,0.7659,0.1596
0,catboost,0,0.9118,0.8065,0.8005,0.1462
0,catboost,1,0.916,0.871,0.8712,0.1124
0,catboost,2,0.9118,0.8065,0.8044,0.1293
0,catboost,3,0.8778,0.7667,0.7653,0.1438
0,catboost,4,0.9018,0.8667,0.8655,0.1237
0,catboost,5,0.8705,0.7,0.7003,0.1638
0,catboost,6,0.9241,0.8333,0.8328,0.1315
0,catboost,7,0.875,0.8,0.7944,0.1443
0,catboost,8,0.9196,0.9,0.8983,0.1234
0,catboost,9,0.9286,0.8667,0.8655,0.0868
1,catboost,0,0.9622,0.871,0.871,0.1069
1,catboost,1,0.9286,0.8065,0.8069,0.1358
1,catboost,2,0.8866,0.871,0.871,0.1181
1,catboost,3,0.8281,0.7333,0.7345,0.1683
1,catboost,4,0.9688,0.8667,0.863,0.1023
1,catboost,5,0.9598,0.9333,0.9327,0.0826
1,catboost,6,0.8616,0.8333,0.8305,0.1612
1,catboost,7,0.7991,0.7,0.699,0.223
1,catboost,8,0.8973,0.8667,0.8655,0.1195
1,catboost,9,0.9509,0.8667,0.8655,0.1141
7,catboost,0,0.979,0.9677,0.9676,0.0653
7,catboost,1,0.9328,0.8387,0.839,0.1121
7,catboost,2,0.8193,0.8065,0.8065,0.1726
7,catboost,3,0.8416,0.8,0.7972,0.156
7,catboost,4,0.9062,0.8,0.7982,0.1344
7,catboost,5,0.8884,0.8333,0.8265,0.1246
7,catboost,6,0.875,0.7667,0.7659,0.1447
7,catboost,7,0.9375,0.9,0.9001,0.093
7,catboost,8,0.8259,0.7,0.7003,0.1906
7,catboost,9,0.8661,0.8667,0.8655,0.1439
42,tabpfn,0,0.9244,0.8387,0.839,0.1083
42,tabpfn,1,0.9874,0.9355,0.9355,0.0621
42,tabpfn,2,0.8866,0.8387,0.838,0.1289
42,tabpfn,3,0.8959,0.8333,0.8324,0.1368
42,tabpfn,4,0.9464,0.8,0.8,0.1042
42,tabpfn,5,0.8571,0.8,0.7982,0.1517
42,tabpfn,6,0.9777,0.8667,0.863,0.0753
42,tabpfn,7,0.8661,0.7333,0.7333,0.1633
42,tabpfn,8,0.9554,0.9,0.8983,0.0726
42,tabpfn,9,0.8571,0.8,0.7982,0.168
0,tabpfn,0,0.9496,0.8065,0.8005,0.1277
0,tabpfn,1,0.9202,0.8387,0.8387,0.1097
0,tabpfn,2,0.9328,0.8387,0.8356,0.118
0,tabpfn,3,0.9095,0.8333,0.8324,0.1134
0,tabpfn,4,0.8929,0.8667,0.8655,0.121
0,tabpfn,5,0.8973,0.8,0.8,0.1326
0,tabpfn,6,0.9464,0.8667,0.8667,0.0988
0,tabpfn,7,0.9018,0.8333,0.8305,0.1277
0,tabpfn,8,0.9062,0.8667,0.8655,0.1087
0,tabpfn,9,0.9286,0.8667,0.8655,0.0926
1,tabpfn,0,0.9706,0.9032,0.9034,0.0719
1,tabpfn,1,0.9328,0.8065,0.8069,0.1221
1,tabpfn,2,0.9118,0.8387,0.8356,0.1077
1,tabpfn,3,0.819,0.7667,0.7675,0.1791
1,tabpfn,4,0.9286,0.8667,0.863,0.0946
1,tabpfn,5,1.0,0.9333,0.9327,0.0542
1,tabpfn,6,0.8884,0.8,0.7944,0.1428
1,tabpfn,7,0.8237,0.7,0.699,0.1886
1,tabpfn,8,0.8571,0.8333,0.8328,0.1308
1,tabpfn,9,0.9464,0.9,0.8997,0.0847
7,tabpfn,0,0.9832,0.9677,0.9676,0.0527
7,tabpfn,1,0.9496,0.871,0.8712,0.1007
7,tabpfn,2,0.8193,0.8387,0.839,0.1676
7,tabpfn,3,0.8824,0.8,0.7972,0.1425
7,tabpfn,4,0.9286,0.8,0.7982,0.1189
7,tabpfn,5,0.9286,0.8,0.7944,0.1255
7,tabpfn,6,0.9732,0.9667,0.9666,0.0758
7,tabpfn,7,0.9509,0.9,0.9001,0.084
7,tabpfn,8,0.8304,0.7333,0.7309,0.1846
7,tabpfn,9,0.8705,0.8667,0.8655,0.13
